time,open,high,low,close,volume,close_time,quote_asset_volume,number_of_trades,taker_buy_base_asset_volume,taker_buy_quote_asset_volume,ignore,timestamp
1744070700000000,79247.72,79295.99,79186.02,79282.36,12.75757,1744070999999999,1011172.2380906,993,8.11706,643360.6116798,0,2025-04-08 00:05:00
1744071000000000,79280.03,79480.33,79280.03,79474.0,6.92001,1744071299999999,549460.3049442,958,4.45681,353889.3467335,0,2025-04-08 00:10:00
1744071300000000,79475.0,79509.99,79329.81,79500.0,8.31401,1744071599999999,660410.1528592,962,5.08908,404206.5962452,0,2025-04-08 00:15:00
1744071600000000,79500.0,79567.96,79448.0,79454.01,13.4754,1744071899999999,1071689.9461874,951,7.63367,607188.6349528,0,2025-04-08 00:20:00
1744071900000000,79454.01,79454.01,79321.71,79321.71,11.50274,1744072199999999,913165.5602397,740,3.3181,263463.5326341,0,2025-04-08 00:25:00
1744072200000000,79321.71,79321.71,79063.58,79206.25,24.57986,1744072499999999,1945567.046919,1699,8.63658,683615.4455565,0,2025-04-08 00:30:00
1744072500000000,79215.21,79323.14,79104.0,79258.76,8.74161,1744072799999999,692388.0279227,845,4.30474,341024.5167696,0,2025-04-08 00:35:00
1744072800000000,79258.75,79451.91,79232.01,79317.32,9.47782,1744073099999999,752260.9488185,911,5.15426,409044.0892831,0,2025-04-08 00:40:00
1744073100000000,79317.33,79323.18,79173.91,79230.2,6.10583,1744073399999999,483868.8060907,868,3.01036,238560.3020772,0,2025-04-08 00:45:00
1744073400000000,79226.01,79313.73,79126.33,79278.77,8.11915,1744073699999999,643198.8628408,774,4.92307,390013.5263174,0,2025-04-08 00:50:00
1744073700000000,79278.77,79322.77,78967.08,78996.39,20.93927,1744073999999999,1657001.8590848,1818,6.45097,510444.3484503,0,2025-04-08 00:55:00
1744074000000000,78994.0,79027.14,78751.76,78974.79,30.86908,1744074299999999,2435237.8540328,2348,14.4569,1140457.2954134,0,2025-04-08 01:00:00
1744074300000000,78974.78,79142.79,78912.27,79129.71,13.45871,1744074599999999,1063408.3653228,1109,8.48595,670558.6368811,0,2025-04-08 01:05:00
1744074600000000,79127.71,79259.08,79120.81,79182.41,13.91545,1744074899999999,1101832.5780972,1006,9.24867,732293.7938661,0,2025-04-08 01:10:00
1744074900000000,79188.98,79251.66,78995.99,79172.01,15.47312,1744075199999999,1223844.5179516,1097,9.61262,760251.0821919,0,2025-04-08 01:15:00
1744075200000000,79168.01,79511.85,79164.14,79486.0,22.9475,1744075499999999,1820254.438396,1851,15.06428,1194943.2458496,0,2025-04-08 01:20:00
1744075500000000,79491.53,79750.37,79428.12,79690.0,26.26833,1744075799999999,2090189.7404077,2062,18.36109,1461172.604298,0,2025-04-08 01:25:00
1744075800000000,79692.0,79953.38,79626.0,79778.06,19.70331,1744076099999999,1572407.6088854,2026,14.00558,1117477.0344619,0,2025-04-08 01:30:00
1744076100000000,79775.99,80483.88,79775.11,80323.98,54.78443,1744076399999999,4394242.9118319,4388,40.00919,3209559.623297,0,2025-04-08 01:35:00
1744076400000000,80327.99,80519.99,80296.01,80390.0,28.56273,1744076699999999,2297930.1099776,1919,19.32016,1554482.4461364,0,2025-04-08 01:40:00
1744076700000000,80392.01,80449.96,80168.02,80296.2,33.52965,1744076999999999,2692122.3864399,1707,18.1286,1455566.3501958,0,2025-04-08 01:45:00
1744077000000000,80299.99,80642.0,80299.99,80590.17,31.83481,1744077299999999,2563991.1599358,2081,21.15966,1704125.2200435,0,2025-04-08 01:50:00
1744077300000000,80585.16,80772.94,80563.9,80572.01,52.25908,1744077599999999,4216607.1589716,2319,25.57839,2063933.1397288,0,2025-04-08 01:55:00
1744077600000000,80572.01,80659.74,80385.87,80387.79,19.24123,1744077899999999,1549549.5803338,1485,9.93436,800140.4777835,0,2025-04-08 02:00:00
1744077900000000,80387.8,80817.18,80368.01,80729.99,128.42788,1744078199999999,10369066.698459,3239,28.09543,2265339.5183231,0,2025-04-08 02:05:00
1744078200000000,80730.0,80842.74,80629.09,80633.19,38.43078,1744078499999999,3103038.4796585,2144,13.04215,1053140.2893909,0,2025-04-08 02:10:00
1744078500000000,80633.19,80681.98,80440.0,80471.99,22.6532,1744078799999999,1824247.8869886,1472,9.69054,780350.8801363,0,2025-04-08 02:15:00
1744078800000000,80472.0,80647.99,80452.69,80480.0,17.78345,1744079099999999,1432454.2750906,1097,9.45433,761493.3540979,0,2025-04-08 02:20:00
1744079100000000,80478.68,80567.99,80420.0,80428.0,11.45429,1744079399999999,921817.8840852,884,5.15245,414672.6768938,0,2025-04-08 02:25:00
1744079400000000,80428.0,80428.0,80300.35,80343.99,11.75391,1744079699999999,944573.4430214,1253,3.83211,307951.1191648,0,2025-04-08 02:30:00
1744079700000000,80340.01,80383.99,80195.62,80283.98,17.24882,1744079999999999,1384255.9646117,1398,4.36063,349945.2878013,0,2025-04-08 02:35:00
1744080000000000,80283.97,80326.37,80160.01,80206.02,16.86312,1744080299999999,1353076.0025978,1095,8.66633,695387.9231593,0,2025-04-08 02:40:00
1744080300000000,80203.93,80250.76,80096.63,80162.0,9.64894,1744080599999999,773213.1317489,1021,4.90406,393017.3212148,0,2025-04-08 02:45:00
1744080600000000,80162.0,80166.76,79932.0,79963.4,23.38002,1744080899999999,1871913.7173585,1672,6.83992,547522.8896925,0,2025-04-08 02:50:00
1744080900000000,79964.02,79982.0,79875.0,79926.0,10.06821,1744081199999999,804609.6074035,929,4.04194,323018.7263761,0,2025-04-08 02:55:00
1744081200000000,79920.01,80099.57,79900.0,80024.01,13.50593,1744081499999999,1080736.6976483,913,8.78349,702772.3415041,0,2025-04-08 03:00:00
1744081500000000,80020.14,80059.99,79895.0,79895.0,10.64578,1744081799999999,851342.0859578,687,2.14187,171280.3900765,0,2025-04-08 03:05:00
1744081800000000,79894.01,79987.62,79856.22,79938.67,11.28109,1744082099999999,901575.0310302,777,6.78909,542515.5602472,0,2025-04-08 03:10:00
1744082100000000,79938.67,79939.98,79798.0,79806.07,11.8747,1744082399999999,948306.5017542,1159,4.7101,376148.9017198,0,2025-04-08 03:15:00
1744082400000000,79806.07,79993.7,79806.07,79969.97,13.59753,1744082699999999,1086601.6182435,863,8.53056,681661.7252726,0,2025-04-08 03:20:00
1744082700000000,79972.19,80157.05,79884.21,80143.99,14.16852,1744082999999999,1133990.929468,1021,9.26103,741110.0905505,0,2025-04-08 03:25:00
1744083000000000,80143.98,80174.51,80008.0,80115.13,16.24736,1744083299999999,1301469.6107174,977,8.25872,661445.6445784,0,2025-04-08 03:30:00
1744083300000000,80108.01,80108.01,79884.01,79958.83,14.73699,1744083599999999,1178502.8042118,906,5.9927,479167.9417916,0,2025-04-08 03:35:00
1744083600000000,79958.82,79958.82,79810.0,79832.62,14.69964,1744083899999999,1174253.7555956,787,2.41975,193305.4550164,0,2025-04-08 03:40:00
1744083900000000,79833.99,79959.99,79810.01,79857.82,9.51115,1744084199999999,759907.2226969,632,5.11774,408933.8071127,0,2025-04-08 03:45:00
1744084200000000,79857.81,79863.45,79735.56,79765.1,9.49915,1744084499999999,757979.328906,764,2.87572,229465.9213068,0,2025-04-08 03:50:00
1744084500000000,79770.0,79877.58,79737.27,79876.04,9.86687,1744084799999999,787336.1763435,621,5.08659,405904.5740861,0,2025-04-08 03:55:00
1744084800000000,79877.59,80020.6,79848.0,79848.08,7.93211,1744085099999999,634217.990414,688,5.12247,409586.2134638,0,2025-04-08 04:00:00
1744085100000000,79848.06,79959.28,79832.0,79953.28,4.43034,1744085399999999,354094.246463,533,3.03538,242605.1515418,0,2025-04-08 04:05:00
1744085400000000,79952.01,80055.35,79952.01,80050.75,7.20036,1744085699999999,576182.0631151,499,4.01565,321306.36182,0,2025-04-08 04:10:00
1744085700000000,80048.01,80097.21,79950.0,80035.98,10.74289,1744085999999999,859649.973519,803,6.60663,528586.4243496,0,2025-04-08 04:15:00
1744086000000000,80035.99,80168.37,80018.0,80122.02,24.81545,1744086299999999,1987851.5749154,1059,6.3153,505793.5638946,0,2025-04-08 04:20:00
1744086300000000,80122.02,80253.58,80092.34,80224.19,15.73588,1744086599999999,1261326.6600836,1023,4.36797,350249.4314179,0,2025-04-08 04:25:00
1744086600000000,80229.59,80243.93,80047.91,80156.0,20.5423,1744086899999999,1645874.9026958,830,6.89965,552866.7966723,0,2025-04-08 04:30:00
1744086900000000,80155.99,80318.44,80115.2,80318.44,9.47511,1744087199999999,760079.887172,790,5.72233,459103.8097359,0,2025-04-08 04:35:00
1744087200000000,80318.44,80388.0,80263.11,80270.02,9.99563,1744087499999999,802789.01973,920,6.30821,506634.6022149,0,2025-04-08 04:40:00
1744087500000000,80270.01,80302.0,80087.54,80245.9,15.21463,1744087799999999,1219701.6058713,1092,8.91408,714654.8789266,0,2025-04-08 04:45:00
1744087800000000,80239.95,80248.0,80178.01,80226.01,13.07036,1744088099999999,1048503.116717,608,6.31582,506628.4518246,0,2025-04-08 04:50:00
1744088100000000,80230.0,80321.78,80210.01,80279.07,9.32751,1744088399999999,748757.3283133,647,6.32539,507719.154903,0,2025-04-08 04:55:00
1744088400000000,80279.06,80289.5,80036.01,80042.81,10.18934,1744088699999999,817005.9114516,945,4.71487,378135.4409835,0,2025-04-08 05:00:00
1744088700000000,80042.81,80047.3,79788.01,79841.99,18.57303,1744088999999999,1484079.7878252,1763,3.93766,314602.5185271,0,2025-04-08 05:05:00
1744089000000000,79842.0,79856.0,79681.65,79788.02,13.51431,1744089299999999,1078215.3101087,1131,4.74942,378939.3498557,0,2025-04-08 05:10:00
1744089300000000,79788.01,79835.99,79628.07,79672.01,18.24873,1744089599999999,1454781.8186951,1169,7.22202,575708.1383772,0,2025-04-08 05:15:00
1744089600000000,79672.03,79768.0,79532.43,79593.8,26.59705,1744089899999999,2118248.7999416,1720,10.54593,840005.3510515,0,2025-04-08 05:20:00
1744089900000000,79593.79,79628.99,79511.86,79574.13,21.87227,1744090199999999,1740275.8064502,948,12.40996,987266.1405324,0,2025-04-08 05:25:00
1744090200000000,79576.2,79685.98,79554.01,79588.46,12.59153,1744090499999999,1002488.1904231,1038,6.71833,534875.6666426,0,2025-04-08 05:30:00
1744090500000000,79588.02,79784.36,79586.02,79773.98,12.7719,1744090799999999,1018135.1610292,802,9.83573,784071.9901797,0,2025-04-08 05:35:00
1744090800000000,79771.98,79812.49,79632.0,79662.13,10.44619,1744091099999999,832538.983253,788,6.29694,501817.7648086,0,2025-04-08 05:40:00
1744091100000000,79660.01,79708.0,79632.0,79699.99,9.46729,1744091399999999,754278.5336552,722,3.29749,262721.0227832,0,2025-04-08 05:45:00
1744091400000000,79699.98,79845.99,79684.01,79820.0,8.7516,1744091699999999,698020.9661427,854,5.11028,407620.5946778,0,2025-04-08 05:50:00
1744091700000000,79816.56,79853.99,79764.0,79848.0,9.40236,1744091999999999,750450.360599,741,5.34636,426749.1257245,0,2025-04-08 05:55:00
1744092000000000,79842.15,79842.15,79588.46,79635.99,16.91267,1744092299999999,1347818.7175877,1136,7.02243,559391.815968,0,2025-04-08 06:00:00
1744092300000000,79636.0,79727.96,79528.0,79555.89,28.69539,1744092599999999,2284007.061746,1573,13.98039,1112808.1674722,0,2025-04-08 06:05:00
1744092600000000,79549.36,79605.99,79431.85,79458.02,74.63102,1744092899999999,5933832.060247,1903,54.54189,4336420.5490778,0,2025-04-08 06:10:00
1744092900000000,79458.01,79503.99,79370.0,79442.31,15.91755,1744093199999999,1264454.4377098,1121,6.29369,499949.4417044,0,2025-04-08 06:15:00
1744093200000000,79442.3,79473.99,79342.66,79385.98,11.81435,1744093499999999,938108.6048524,824,3.73871,296852.1599928,0,2025-04-08 06:20:00
1744093500000000,79378.22,79436.58,79338.95,79377.64,6.34412,1744093799999999,503594.0092897,544,2.19462,174180.8224105,0,2025-04-08 06:25:00
1744093800000000,79375.98,79436.49,79341.15,79350.21,7.31719,1744094099999999,580957.8366832,721,3.39076,269215.3816445,0,2025-04-08 06:30:00
1744094100000000,79351.98,79377.99,79258.25,79376.0,14.94552,1744094399999999,1185530.189648,1261,6.13347,486567.6828015,0,2025-04-08 06:35:00
1744094400000000,79376.0,79520.0,79358.01,79513.98,13.29513,1744094699999999,1056452.9324762,757,6.48433,515219.5867714,0,2025-04-08 06:40:00
1744094700000000,79513.97,79544.0,79384.01,79420.94,17.85087,1744094999999999,1418156.1008747,781,7.70081,611733.2377191,0,2025-04-08 06:45:00
1744095000000000,79426.58,79457.99,79356.94,79453.0,6.41807,1744095299999999,509716.5597732,555,3.10179,246332.3237994,0,2025-04-08 06:50:00
1744095300000000,79446.49,79467.99,79366.02,79422.21,15.92827,1744095599999999,1264922.083922,732,8.0864,642167.4338959,0,2025-04-08 06:55:00
1744095600000000,79426.12,79520.0,79320.77,79437.99,12.71825,1744095899999999,1010416.0953595,903,5.76217,457736.4236578,0,2025-04-08 07:00:00
1744095900000000,79432.21,79432.21,79178.94,79303.76,22.39101,1744096199999999,1774712.5764205,1289,7.5875,601495.0710166,0,2025-04-08 07:05:00
1744096200000000,79303.77,79489.84,79298.0,79471.99,13.30989,1744096499999999,1056787.1677411,836,7.57979,601829.7271196,0,2025-04-08 07:10:00
1744096500000000,79472.0,79519.54,79400.97,79400.97,15.7361,1744096799999999,1250689.5684085,931,7.9641,632978.5128923,0,2025-04-08 07:15:00
1744096800000000,79400.0,79682.74,79364.0,79586.0,18.6903,1744097099999999,1487542.5480966,1279,8.34441,663786.5452349,0,2025-04-08 07:20:00
1744097100000000,79584.02,79635.71,79520.06,79546.0,11.90138,1744097399999999,947112.6461776,698,5.52668,439813.8288602,0,2025-04-08 07:25:00
1744097400000000,79546.0,79546.0,79414.0,79415.9,12.25159,1744097699999999,973634.1388206,849,7.11798,565667.9909166,0,2025-04-08 07:30:00
1744097700000000,79419.96,79441.96,79360.24,79430.0,16.01396,1744097999999999,1271410.8431323,888,8.77873,696994.7243803,0,2025-04-08 07:35:00
1744098000000000,79430.0,79463.54,79386.41,79444.28,7.81215,1744098299999999,620495.2261449,651,4.72017,374901.6218588,0,2025-04-08 07:40:00
1744098300000000,79444.29,79531.12,79324.06,79324.07,15.74083,1744098599999999,1250635.158019,989,6.6829,531030.8327929,0,2025-04-08 07:45:00
1744098600000000,79324.06,79396.19,79235.29,79365.0,11.11172,1744098899999999,881458.0751598,961,6.19598,491483.3020752,0,2025-04-08 07:50:00
1744098900000000,79363.99,79513.88,79330.03,79464.44,14.35043,1744099199999999,1140258.5833923,759,9.2233,732832.2561456,0,2025-04-08 07:55:00
1744099200000000,79460.02,79497.05,79422.22,79464.76,12.37972,1744099499999999,983688.3260304,808,6.70928,533078.7900584,0,2025-04-08 08:00:00
1744099500000000,79464.01,79467.9,79210.0,79219.14,24.89427,1744099799999999,1974222.5283952,1233,11.52095,913694.5799362,0,2025-04-08 08:05:00
1744099800000000,79222.14,79251.57,79030.1,79031.58,27.33358,1744100099999999,2162954.4026835,1771,9.22949,730260.6022441,0,2025-04-08 08:10:00
1744100100000000,79030.13,79143.99,79005.58,79108.01,13.33929,1744100399999999,1054854.5674342,1259,7.64058,604213.2887051,0,2025-04-08 08:15:00
1744100400000000,79108.01,79182.1,78977.1,78984.0,27.33682,1744100699999999,2162079.1638382,1393,9.59574,758941.2331268,0,2025-04-08 08:20:00
1744100700000000,78984.0,78994.0,78914.0,78915.55,15.13972,1744100999999999,1195310.0273376,966,6.82342,538702.8294586,0,2025-04-08 08:25:00
1744101000000000,78913.95,79092.01,78913.95,79052.9,17.54064,1744101299999999,1385773.9387173,887,8.89207,702495.7223332,0,2025-04-08 08:30:00
1744101300000000,79052.89,79148.0,79048.01,79121.05,9.36696,1744101599999999,740961.5296249,710,4.46373,353073.1354895,0,2025-04-08 08:35:00
1744101600000000,79114.23,79195.99,79063.17,79194.0,24.07944,1744101899999999,1905114.4715896,938,9.18531,726780.6339405,0,2025-04-08 08:40:00
1744101900000000,79193.98,79196.0,79088.02,79118.01,7.76273,1744102199999999,614243.0070396,512,2.85457,225888.1152471,0,2025-04-08 08:45:00
1744102200000000,79118.0,79134.82,78961.54,79119.38,17.71498,1744102499999999,1400202.8694299,914,4.69401,371053.9807435,0,2025-04-08 08:50:00
1744102500000000,79119.33,79166.0,79114.0,79130.95,8.86615,1744102799999999,701614.0391069,531,6.01143,475709.9791372,0,2025-04-08 08:55:00
1744102800000000,79130.93,79156.37,78962.98,79106.0,13.7478,1744103099999999,1086988.8040573,1000,7.78756,615750.0346522,0,2025-04-08 09:00:00
1744103100000000,79105.99,79159.98,79032.01,79147.2,13.01758,1744103399999999,1029795.5600453,909,6.459,510977.7109218,0,2025-04-08 09:05:00
1744103400000000,79144.2,79199.99,79042.0,79084.01,13.53419,1744103699999999,1071083.4393049,790,6.54572,518049.9311685,0,2025-04-08 09:10:00
1744103700000000,79084.0,79084.0,78980.0,78980.01,9.64735,1744103999999999,762408.9198186,660,3.36411,265834.4887427,0,2025-04-08 09:15:00
1744104000000000,78980.01,79079.99,78978.0,79032.01,16.20616,1744104299999999,1280797.1692189,965,7.34196,580240.1010599,0,2025-04-08 09:20:00
1744104300000000,79032.01,79032.01,78855.62,78859.27,20.65958,1744104599999999,1630479.4546709,1303,5.76893,455168.9551148,0,2025-04-08 09:25:00
1744104600000000,78859.26,78906.0,78845.69,78870.0,20.79431,1744104899999999,1639963.3449513,884,6.77724,534503.9423987,0,2025-04-08 09:30:00
1744104900000000,78870.0,79049.99,78850.24,78992.01,17.50938,1744105199999999,1382524.9556527,1013,10.17834,803628.0055637,0,2025-04-08 09:35:00
1744105200000000,78992.0,79135.0,78984.61,79106.98,25.62447,1744105499999999,2026323.6226109,930,13.06593,1033259.4136306,0,2025-04-08 09:40:00
1744105500000000,79106.98,79146.71,79033.98,79139.46,10.90345,1744105799999999,862346.1070665,771,5.24182,414532.9057837,0,2025-04-08 09:45:00
1744105800000000,79133.52,79170.58,78997.75,78997.76,16.47937,1744106099999999,1303758.9733876,944,6.64268,525570.0018953,0,2025-04-08 09:50:00
1744106100000000,78997.75,78997.75,78862.98,78885.99,11.56038,1744106399999999,912439.8672274,791,5.84474,461364.7879469,0,2025-04-08 09:55:00
1744106400000000,78884.9,78966.19,78802.01,78955.79,15.38569,1744106699999999,1213553.7301592,1001,7.30067,575908.8976103,0,2025-04-08 10:00:00
1744106700000000,78955.8,79031.25,78933.76,79009.99,6.36111,1744106999999999,502406.6266541,570,4.14196,327143.2970626,0,2025-04-08 10:05:00
1744107000000000,79011.39,79037.99,78864.63,78880.01,10.46191,1744107299999999,825769.3243928,747,4.11888,325079.7321865,0,2025-04-08 10:10:00
1744107300000000,78880.01,78945.85,78840.01,78934.01,7.23388,1744107599999999,570823.8539173,639,5.33257,420777.612131,0,2025-04-08 10:15:00
1744107600000000,78934.01,79043.99,78888.27,79000.0,10.57096,1744107899999999,834531.1195199,704,4.6417,366449.3616209,0,2025-04-08 10:20:00
1744107900000000,79000.01,79000.01,78899.89,78975.36,9.19082,1744108199999999,725560.1423529,588,4.99644,394413.9128711,0,2025-04-08 10:25:00
1744108200000000,78979.49,79053.31,78907.91,78998.0,18.66319,1744108499999999,1474098.4532883,864,13.00153,1026848.0806149,0,2025-04-08 10:30:00
1744108500000000,78995.53,79173.46,78995.53,79108.67,21.57229,1744108799999999,1706286.6034289,917,17.64369,1395637.2493426,0,2025-04-08 10:35:00
1744108800000000,79108.68,79157.2,79032.8,79043.28,15.3041,1744109099999999,1210600.3563743,721,5.1355,406333.6145452,0,2025-04-08 10:40:00
1744109100000000,79043.28,79110.0,78958.0,79033.35,28.95585,1744109399999999,2289761.4710221,1025,24.28279,1920419.3816562,0,2025-04-08 10:45:00
1744109400000000,79032.0,79041.22,78910.19,78945.09,9.54343,1744109699999999,753744.7591351,648,4.07518,321870.2298594,0,2025-04-08 10:50:00
1744109700000000,78945.09,78998.0,78924.01,78989.3,6.11689,1744109999999999,482968.1010151,452,3.75615,296556.0208726,0,2025-04-08 10:55:00
1744110000000000,78991.07,79039.99,78990.01,79014.96,10.99843,1744110299999999,869082.3705246,652,5.62098,444139.8982114,0,2025-04-08 11:00:00
1744110300000000,79014.96,79150.98,78942.01,79139.98,32.09756,1744110599999999,2536895.0420699,1102,23.00552,1818161.0994782,0,2025-04-08 11:05:00
1744110600000000,79138.0,79253.82,79092.0,79139.81,27.80798,1744110899999999,2201900.4674444,1636,15.4172,1220834.4869212,0,2025-04-08 11:10:00
1744110900000000,79136.0,79342.0,79031.28,79207.24,29.26018,1744111199999999,2318077.651891,1785,17.01264,1347899.2056795,0,2025-04-08 11:15:00
1744111200000000,79207.24,79321.18,79191.99,79259.59,15.94867,1744111499999999,1264219.6108475,828,8.19276,649351.6207976,0,2025-04-08 11:20:00
1744111500000000,79255.01,79337.06,79219.42,79332.02,11.66467,1744111799999999,924583.7736342,590,6.10741,484128.1218914,0,2025-04-08 11:25:00
1744111800000000,79332.01,79595.13,79314.01,79569.55,32.36175,1744112099999999,2571593.5587386,2228,21.95815,1744723.9639914,0,2025-04-08 11:30:00
1744112100000000,79569.56,79776.85,79569.56,79669.97,34.30032,1744112399999999,2732669.6451176,2142,23.49619,1871752.8999197,0,2025-04-08 11:35:00
1744112400000000,79668.82,79705.08,79542.01,79578.83,23.71829,1744112699999999,1888123.8552017,1309,12.68886,1010192.1587189,0,2025-04-08 11:40:00
1744112700000000,79578.84,79754.16,79578.84,79732.46,34.85414,1744112999999999,2776752.5673111,1600,24.10907,1920700.5169858,0,2025-04-08 11:45:00
1744113000000000,79734.86,79890.49,79732.01,79879.98,34.27532,1744113299999999,2735844.508764,2073,23.00811,1836530.4908749,0,2025-04-08 11:50:00
1744113300000000,79880.48,80043.43,79790.0,79956.8,31.62866,1744113599999999,2526839.1569293,2118,19.66925,1571431.6005462,0,2025-04-08 11:55:00
1744113600000000,79963.39,80108.33,79790.0,79840.0,43.88686,1744113899999999,3508094.7265915,2434,21.28765,1702048.1016577,0,2025-04-08 12:00:00
1744113900000000,79836.2,80068.0,79830.93,80004.01,37.94988,1744114199999999,3035347.9441142,1660,19.37447,1549324.7382104,0,2025-04-08 12:05:00
1744114200000000,80010.84,80094.0,79944.0,79967.36,35.78429,1744114499999999,2863601.9915187,1710,15.50727,1240929.7156188,0,2025-04-08 12:10:00
1744114500000000,79964.0,79974.42,79835.3,79911.99,19.896,1744114799999999,1589629.4810715,1153,7.59087,606431.8231788,0,2025-04-08 12:15:00
1744114800000000,79908.32,79908.32,79752.51,79823.98,21.02637,1744115099999999,1678254.7538246,1337,9.4285,752521.6538841,0,2025-04-08 12:20:00
1744115100000000,79823.96,79923.99,79752.51,79856.01,22.82324,1744115399999999,1821899.2673825,1112,10.75216,858297.121653,0,2025-04-08 12:25:00
1744115400000000,79856.01,79962.72,79708.03,79749.97,17.46843,1744115699999999,1394371.9051021,1380,6.8203,544556.7861652,0,2025-04-08 12:30:00
1744115700000000,79749.98,79775.97,79645.33,79658.02,13.99656,1744115999999999,1115458.7243819,1155,4.49648,358339.91174,0,2025-04-08 12:35:00
1744116000000000,79658.02,79720.82,79548.0,79664.01,21.92415,1744116299999999,1745696.5082722,1633,7.79192,620441.4006678,0,2025-04-08 12:40:00
1744116300000000,79664.0,79798.4,79576.04,79614.02,15.76418,1744116599999999,1257070.419905,944,5.69551,454180.4430138,0,2025-04-08 12:45:00
1744116600000000,79618.0,79790.72,79581.99,79762.37,10.77979,1744116899999999,859335.4702964,953,5.67048,452021.6460184,0,2025-04-08 12:50:00
1744116900000000,79763.12,79874.98,79712.0,79810.94,11.24986,1744117199999999,897846.1719994,997,8.50104,678457.1924153,0,2025-04-08 12:55:00
1744117200000000,79810.93,79965.99,79736.0,79907.99,27.52826,1744117499999999,2199102.3518239,1608,16.41642,1311223.7038933,0,2025-04-08 13:00:00
1744117500000000,79902.03,80234.0,79750.38,80192.0,76.29859,1744117799999999,6105395.1503341,3854,48.74892,3901190.1498297,0,2025-04-08 13:05:00
1744117800000000,80192.01,80353.59,79967.05,80024.0,61.85778,1744118099999999,4957472.5915809,3603,29.31551,2349734.3360038,0,2025-04-08 13:10:00
1744118100000000,80033.69,80148.0,79891.06,80023.99,31.58359,1744118399999999,2527149.9587444,2038,16.25313,1300281.5933924,0,2025-04-08 13:15:00
1744118400000000,80022.8,80175.99,80011.83,80085.96,35.20895,1744118699999999,2820397.3903227,1911,20.25252,1622460.1897432,0,2025-04-08 13:20:00
1744118700000000,80085.96,80261.4,80083.98,80146.03,28.07018,1744118999999999,2250740.4343532,1702,14.91169,1195624.4300387,0,2025-04-08 13:25:00
1744119000000000,80158.0,80350.77,79904.0,80014.02,87.47673,1744119299999999,7004828.6732846,4328,43.05429,3447579.8851922,0,2025-04-08 13:30:00
1744119300000000,80014.02,80067.99,79358.82,79742.93,90.96349,1744119599999999,7244746.070264,6494,39.4496,3141914.6864264,0,2025-04-08 13:35:00
1744119600000000,79737.43,79897.97,79518.02,79756.01,80.05907,1744119899999999,6377545.9748834,4148,40.16246,3200265.5287618,0,2025-04-08 13:40:00
1744119900000000,79756.0,80021.79,79557.4,79598.76,54.44448,1744120199999999,4345795.6009832,3804,29.46951,2352834.3384713,0,2025-04-08 13:45:00
1744120200000000,79598.0,79962.68,79512.0,79845.76,43.67897,1744120499999999,3482755.3324853,3048,24.00172,1913711.7319545,0,2025-04-08 13:50:00
1744120500000000,79843.96,79970.0,79694.0,79872.0,34.17483,1744120799999999,2728831.0200203,2222,17.10993,1366078.5858764,0,2025-04-08 13:55:00
1744120800000000,79870.01,80044.06,79712.22,79972.98,45.57032,1744121099999999,3639989.6723255,2590,27.07945,2163135.2356146,0,2025-04-08 14:00:00
1744121100000000,79986.51,80228.0,79795.96,80018.0,78.3418,1744121399999999,6266776.443986,4083,51.90449,4152661.5344814,0,2025-04-08 14:05:00
1744121400000000,80018.67,80091.08,79805.56,79949.97,52.86863,1744121699999999,4225261.9987145,2447,30.29741,2421174.4377962,0,2025-04-08 14:10:00
1744121700000000,79941.99,80150.0,79910.01,79981.47,126.15279,1744121999999999,10093327.1930772,3407,27.86198,2229666.1612196,0,2025-04-08 14:15:00
1744122000000000,79981.47,80032.0,79551.62,79562.28,46.13189,1744122299999999,3682631.1235094,3073,18.5651,1482031.6934593,0,2025-04-08 14:20:00
1744122300000000,79568.0,79657.21,79356.61,79430.61,65.43006,1744122599999999,5202130.0897686,3231,31.13315,2475149.691575,0,2025-04-08 14:25:00
1744122600000000,79420.01,79517.99,79099.81,79464.0,56.28736,1744122899999999,4465259.1365892,3885,25.4192,2016676.5598599,0,2025-04-08 14:30:00
1744122900000000,79478.0,79568.79,79281.81,79451.49,40.6615,1744123199999999,3230065.771806,2475,19.93494,1583797.5299897,0,2025-04-08 14:35:00
1744123200000000,79456.6,79475.98,79079.0,79096.28,42.69365,1744123499999999,3385718.7115613,2181,20.79427,1649334.0970251,0,2025-04-08 14:40:00
1744123500000000,79097.0,79221.35,79014.92,79034.03,63.83788,1744123799999999,5051155.6234885,2453,30.61569,2422340.0526573,0,2025-04-08 14:45:00
1744123800000000,79041.99,79076.01,78809.98,78812.39,51.14058,1744124099999999,4037511.2702576,2940,17.45804,1378548.6380055,0,2025-04-08 14:50:00
1744124100000000,78812.41,78821.6,78439.01,78442.24,107.89316,1744124399999999,8482349.071309,4656,40.71888,3200376.318455,0,2025-04-08 14:55:00
1744124400000000,78446.0,78823.52,78446.0,78708.01,41.93688,1744124699999999,3298655.6263696,2329,26.96976,2121219.0881861,0,2025-04-08 15:00:00
1744124700000000,78708.18,78708.18,78331.31,78464.02,46.7659,1744124999999999,3669291.5375533,2679,18.32042,1437599.5885826,0,2025-04-08 15:05:00
1744125000000000,78470.0,78511.98,78166.0,78312.0,59.31612,1744125299999999,4644339.4927938,2783,28.834,2257129.3741104,0,2025-04-08 15:10:00
1744125300000000,78312.01,78403.62,78137.12,78398.0,41.97774,1744125599999999,3284441.983535,2132,19.9555,1561425.0548663,0,2025-04-08 15:15:00
1744125600000000,78396.01,78536.49,78220.01,78290.0,49.10514,1744125899999999,3851587.837313,2260,23.22545,1821434.9430117,0,2025-04-08 15:20:00
1744125900000000,78305.99,78432.65,78168.83,78168.83,58.62939,1744126199999999,4590435.1216096,1995,31.91244,2498675.0357825,0,2025-04-08 15:25:00
1744126200000000,78168.84,78388.64,78158.0,78343.84,34.8262,1744126499999999,2726628.0831461,1847,19.66804,1539905.6317678,0,2025-04-08 15:30:00
1744126500000000,78351.99,78638.62,78280.0,78624.28,37.25357,1744126799999999,2922848.0439098,2239,20.30382,1593270.7092955,0,2025-04-08 15:35:00
1744126800000000,78620.0,78620.0,78438.0,78560.91,24.80201,1744127099999999,1947552.9003799,1371,12.8386,1008146.1530519,0,2025-04-08 15:40:00
1744127100000000,78564.44,78656.99,78356.0,78375.63,20.17506,1744127399999999,1584308.3497058,1624,9.26822,727925.7104238,0,2025-04-08 15:45:00
1744127400000000,78381.64,78418.0,78239.98,78416.0,25.69431,1744127699999999,2011868.6036424,1483,11.60947,909148.5265163,0,2025-04-08 15:50:00
1744127700000000,78416.0,78501.93,78375.36,78468.18,18.82437,1744127999999999,1476758.6873748,1130,9.27418,727600.4257641,0,2025-04-08 15:55:00
1744128000000000,78468.18,78483.98,78290.75,78380.01,59.18443,1744128299999999,4639058.7070703,1957,25.06049,1964559.7923605,0,2025-04-08 16:00:00
1744128300000000,78380.01,78494.99,78273.04,78341.28,22.03617,1744128599999999,1727136.3917704,1447,11.74605,920543.0522999,0,2025-04-08 16:05:00
1744128600000000,78340.0,78421.99,78166.11,78166.11,27.54763,1744128899999999,2157945.5224636,1658,11.30178,885349.3605142,0,2025-04-08 16:10:00
1744128900000000,78166.08,78166.13,77968.0,78000.78,54.62524,1744129199999999,4262912.59213,3059,15.01601,1172078.1803448,0,2025-04-08 16:15:00
1744129200000000,77998.81,78086.94,77799.68,77854.02,66.60452,1744129499999999,5190342.0813411,2941,18.92657,1474577.2759067,0,2025-04-08 16:20:00
1744129500000000,77854.01,78132.99,77828.98,78087.99,33.6252,1744129799999999,2622121.4245634,1638,18.38576,1433781.7489766,0,2025-04-08 16:25:00
1744129800000000,78085.15,78202.0,77800.0,77800.0,47.21505,1744130099999999,3679965.3943897,2985,19.9811,1557349.6713155,0,2025-04-08 16:30:00
1744130100000000,77800.0,77885.98,77436.75,77553.98,65.12396,1744130399999999,5054390.8418068,4306,29.18798,2264703.5626167,0,2025-04-08 16:35:00
1744130400000000,77539.32,77598.0,77353.84,77501.24,66.22262,1744130699999999,5130228.3650209,3224,38.63824,2993367.4940111,0,2025-04-08 16:40:00
1744130700000000,77496.0,77825.72,77423.01,77642.08,95.61197,1744130999999999,7420555.1541171,3709,53.60122,4158763.8077039,0,2025-04-08 16:45:00
1744131000000000,77651.95,77730.99,77492.11,77508.0,52.55207,1744131299999999,4078219.7837333,2470,28.47861,2210069.1049354,0,2025-04-08 16:50:00
1744131300000000,77508.01,77640.09,77308.9,77364.57,60.41575,1744131599999999,4678539.9912467,3026,25.70911,1991042.2883787,0,2025-04-08 16:55:00
1744131600000000,77364.58,77426.01,77210.88,77387.75,81.6526,1744131899999999,6312338.267344,3538,38.75217,2995892.5003482,0,2025-04-08 17:00:00
1744131900000000,77395.25,77494.0,77051.03,77079.03,59.29665,1744132199999999,4580023.5475438,3065,22.42156,1732672.6665519,0,2025-04-08 17:05:00
1744132200000000,77074.0,77150.0,76800.0,76958.02,105.18759,1744132499999999,8094745.9608304,5070,41.92338,3226716.6878212,0,2025-04-08 17:10:00
1744132500000000,76961.15,77165.53,76914.01,77013.98,60.01194,1744132799999999,4623915.6676151,2835,30.0097,2312227.0116538,0,2025-04-08 17:15:00
1744132800000000,77011.61,77047.69,76772.64,76862.02,45.36364,1744133099999999,3489164.8581091,2902,18.45362,1419649.1496796,0,2025-04-08 17:20:00
1744133100000000,76866.0,76888.87,76510.0,76600.01,92.59136,1744133399999999,7098364.3608195,4818,37.28325,2858671.3767005,0,2025-04-08 17:25:00
1744133400000000,76600.0,76706.01,76497.8,76527.23,62.90241,1744133699999999,4817275.9059202,3118,31.97773,2449008.6512922,0,2025-04-08 17:30:00
1744133700000000,76534.28,77048.0,76509.17,76966.0,116.72489,1744133999999999,8963764.8217271,5398,71.93969,5523927.5062332,0,2025-04-08 17:35:00
1744134000000000,76962.43,77504.92,76951.81,77265.99,65.66734,1744134299999999,5070482.17557,4397,36.27754,2800958.6064182,0,2025-04-08 17:40:00
1744134300000000,77266.0,77279.78,76846.66,77002.9,40.59831,1744134599999999,3126595.0982178,3201,18.14664,1397650.4856661,0,2025-04-08 17:45:00
1744134600000000,77002.9,77484.51,76912.0,77302.0,59.17185,1744134899999999,4572482.0715157,3391,36.57331,2826417.5595348,0,2025-04-08 17:50:00
1744134900000000,77301.99,77453.94,77220.02,77289.56,30.56471,1744135199999999,2363612.8063612,1916,15.47495,1196660.85071,0,2025-04-08 17:55:00
1744135200000000,77297.23,77469.88,77138.52,77304.01,51.20523,1744135499999999,3957934.7955878,2386,22.06737,1706392.158542,0,2025-04-08 18:00:00
1744135500000000,77300.42,77303.84,77029.4,77140.8,29.11875,1744135799999999,2245956.3416979,2032,12.52598,966188.1999642,0,2025-04-08 18:05:00
1744135800000000,77140.02,77293.66,77061.54,77113.98,26.15906,1744136099999999,2018290.0153167,1550,14.874,1147643.5220875,0,2025-04-08 18:10:00
1744136100000000,77113.99,77387.74,77091.27,77366.83,31.05933,1744136399999999,2399950.4355739,1907,18.70596,1445285.5784569,0,2025-04-08 18:15:00
1744136400000000,77361.26,77652.08,77336.01,77641.95,43.37774,1744136699999999,3359512.7237347,3116,24.66195,1910061.5618457,0,2025-04-08 18:20:00
1744136700000000,77641.95,77649.85,77252.01,77275.14,25.70857,1744136999999999,1990207.1299425,1884,11.46313,887233.0512877,0,2025-04-08 18:25:00
1744137000000000,77275.14,77935.74,77275.14,77474.14,124.98684,1744137299999999,9709139.7577929,6371,70.78752,5497514.1581989,0,2025-04-08 18:30:00
1744137300000000,77477.98,77583.14,77313.99,77464.54,47.65503,1744137599999999,3692539.1958282,2537,23.02549,1784109.9483285,0,2025-04-08 18:35:00
1744137600000000,77467.48,77598.93,77390.88,77400.0,28.06125,1744137899999999,2174565.8560709,1362,14.23202,1102895.3764712,0,2025-04-08 18:40:00
1744137900000000,77400.01,77627.17,77351.89,77388.32,37.96701,1744138199999999,2940891.5677202,2032,19.83476,1536472.84107,0,2025-04-08 18:45:00
1744138200000000,77390.23,77419.99,77196.0,77224.21,28.63662,1744138499999999,2213622.7586999,2156,14.29619,1105010.4792746,0,2025-04-08 18:50:00
1744138500000000,77221.99,77305.99,77180.0,77198.0,20.24944,1744138799999999,1563940.2253194,1359,8.63812,667098.4332117,0,2025-04-08 18:55:00
1744138800000000,77196.01,77302.92,77057.08,77090.02,37.2682,1744139099999999,2877792.0642142,2260,14.8363,1145684.1273057,0,2025-04-08 19:00:00
1744139100000000,77087.5,77121.71,76798.57,76906.01,63.49962,1744139399999999,4885699.5462876,3219,24.53881,1888498.1804817,0,2025-04-08 19:05:00
1744139400000000,76907.98,77050.0,76707.38,76731.09,55.01662,1744139699999999,4228137.9706621,2674,25.23197,1939268.8040439,0,2025-04-08 19:10:00
1744139700000000,76732.3,76782.24,76500.0,76681.9,78.51781,1744139999999999,6018614.492243,3948,40.09045,3073085.7439047,0,2025-04-08 19:15:00
1744140000000000,76676.73,76961.53,76623.58,76926.0,65.51271,1744140299999999,5032282.9899563,3282,34.82571,2675297.3594559,0,2025-04-08 19:20:00
1744140300000000,76925.99,77007.38,76784.0,76786.01,40.06531,1744140599999999,3081147.7558704,2397,21.06347,1620132.350729,0,2025-04-08 19:25:00
1744140600000000,76786.0,76821.99,76512.68,76547.05,50.34035,1744140899999999,3859178.6894425,2889,20.52616,1573551.1747267,0,2025-04-08 19:30:00
1744140900000000,76547.04,76563.41,76254.43,76506.03,98.23294,1744141199999999,7502236.9027464,5277,48.92411,3736274.914128,0,2025-04-08 19:35:00
1744141200000000,76513.97,76715.68,76392.0,76392.0,47.29467,1744141499999999,3622138.4326337,2627,22.98739,1760522.7841151,0,2025-04-08 19:40:00
1744141500000000,76389.09,76553.83,76318.0,76490.0,57.16865,1744141799999999,4369862.5918951,2645,23.21938,1774952.0682863,0,2025-04-08 19:45:00
1744141800000000,76490.0,77042.28,76490.0,76945.66,63.17734,1744142099999999,4851972.6251891,3965,36.3553,2791439.182927,0,2025-04-08 19:50:00
1744142100000000,76941.68,76941.68,76635.8,76774.0,84.09302,1744142399999999,6457772.4619968,3377,44.52407,3418680.5885201,0,2025-04-08 19:55:00
1744142400000000,76777.27,76886.0,76627.99,76634.83,36.53599,1744142699999999,2805340.7057869,2094,19.02877,1461212.2000427,0,2025-04-08 20:00:00
1744142700000000,76632.4,76881.84,76567.32,76828.01,33.49773,1744142999999999,2570008.4955686,1715,14.45265,1108770.5696041,0,2025-04-08 20:05:00
1744143000000000,76828.01,76830.6,76662.0,76792.28,19.6189,1744143299999999,1505462.9198337,1207,10.14373,778416.4261705,0,2025-04-08 20:10:00
1744143300000000,76787.57,76922.98,76782.91,76818.01,16.46585,1744143599999999,1265453.287563,1064,7.00816,538535.2588453,0,2025-04-08 20:15:00
1744143600000000,76818.01,76834.99,76599.96,76599.98,25.87975,1744143899999999,1985527.5498866,1398,10.26848,787781.8645,0,2025-04-08 20:20:00
1744143900000000,76602.0,76683.98,76532.0,76598.01,24.04377,1744144199999999,1842282.588656,1250,15.30187,1172481.8747863,0,2025-04-08 20:25:00
1744144200000000,76598.0,76791.92,76542.01,76673.55,27.95206,1744144499999999,2142996.1869449,1288,14.6646,1124259.5385744,0,2025-04-08 20:30:00
1744144500000000,76673.55,76998.41,76673.55,76955.92,20.86691,1744144799999999,1604597.7682677,1396,11.4806,882652.4972187,0,2025-04-08 20:35:00
1744144800000000,76953.1,77133.33,76905.26,77074.33,34.63994,1744145099999999,2669383.2435992,1700,24.35287,1876549.9333905,0,2025-04-08 20:40:00
1744145100000000,77074.32,77083.59,76915.24,77033.42,12.44293,1744145399999999,957824.618702,1123,6.58753,507098.268216,0,2025-04-08 20:45:00
1744145400000000,77033.41,77052.0,76946.01,77040.71,13.67071,1744145699999999,1052645.0016786,920,6.865,528580.1575781,0,2025-04-08 20:50:00
1744145700000000,77045.59,77068.92,76941.52,77063.91,18.38824,1744145999999999,1416019.547058,853,8.99529,692748.0336948,0,2025-04-08 20:55:00
1744146000000000,77068.44,77222.2,77059.61,77061.99,27.09375,1744146299999999,2090194.5633272,1200,9.35491,721658.7666913,0,2025-04-08 21:00:00
1744146300000000,77062.0,77062.0,76862.01,76890.0,19.30974,1744146599999999,1486129.2755145,1046,7.16585,551640.652142,0,2025-04-08 21:05:00
1744146600000000,76889.99,76991.22,76788.0,76974.01,18.76293,1744146899999999,1442108.6704805,952,10.92866,840060.6973853,0,2025-04-08 21:10:00
1744146900000000,76974.01,77044.16,76938.24,76973.6,11.13876,1744147199999999,857481.0960738,766,6.53357,502954.4165417,0,2025-04-08 21:15:00
1744147200000000,76973.61,77078.39,76880.98,77018.74,9.79242,1744147499999999,753902.199755,867,5.49352,422850.2199388,0,2025-04-08 21:20:00
1744147500000000,77018.73,77018.73,76715.95,76782.03,21.01308,1744147799999999,1614000.120387,1401,6.71485,515809.6022673,0,2025-04-08 21:25:00
1744147800000000,76782.03,76907.98,76659.48,76894.01,27.5718,1744148099999999,2117557.5428036,1422,20.1992,1551581.9395187,0,2025-04-08 21:30:00
1744148100000000,76894.0,76939.09,76826.88,76879.45,8.94487,1744148399999999,687799.7561991,611,4.52271,347776.6689899,0,2025-04-08 21:35:00
1744148400000000,76879.44,77012.32,76860.8,77008.77,19.60387,1744148699999999,1508585.1372546,1060,16.62141,1279072.6064798,0,2025-04-08 21:40:00
1744148700000000,77008.77,77076.16,76933.43,77072.0,15.13968,1744148999999999,1165778.7953702,909,10.32571,795122.0218161,0,2025-04-08 21:45:00
1744149000000000,77066.42,77068.19,76977.48,77024.8,38.45709,1744149299999999,2961479.1190703,1242,34.05084,2622097.9820764,0,2025-04-08 21:50:00
1744149300000000,77024.79,77037.71,76950.85,77037.71,24.2548,1744149599999999,1867615.6748235,902,15.74836,1212717.7145208,0,2025-04-08 21:55:00
1744149600000000,77041.23,77074.95,76592.0,76648.72,18.25946,1744149899999999,1402315.2488733,1656,5.48022,420965.4127475,0,2025-04-08 22:00:00
1744149900000000,76648.72,76725.99,76545.46,76717.91,34.30663,1744150199999999,2629565.9340392,1802,20.57553,1577078.3468277,0,2025-04-08 22:05:00
1744150200000000,76717.99,76841.99,76590.0,76703.99,15.59245,1744150499999999,1196052.2443108,1430,9.4801,727187.5111816,0,2025-04-08 22:10:00
1744150500000000,76703.98,76848.0,76650.79,76746.95,25.04184,1744150799999999,1921784.8430527,1480,12.23989,939259.266029,0,2025-04-08 22:15:00
1744150800000000,76749.48,76799.99,76508.38,76712.02,36.58273,1744151099999999,2803736.3310417,2460,16.18245,1240214.4421712,0,2025-04-08 22:20:00
1744151100000000,76714.01,76866.64,76604.65,76618.0,20.64832,1744151399999999,1584683.5180993,1438,10.38798,797292.6994135,0,2025-04-08 22:25:00
1744151400000000,76619.97,76699.97,76400.0,76503.68,23.55709,1744151699999999,1802703.6530657,1950,6.82399,522269.4863986,0,2025-04-08 22:30:00
1744151700000000,76503.67,76531.99,76174.0,76336.99,38.72577,1744151999999999,2955639.761632,2931,12.4868,953009.6392827,0,2025-04-08 22:35:00
1744152000000000,76343.98,76481.33,76199.61,76447.68,75.07453,1744152299999999,5735069.1236937,2392,54.05195,4129898.7738608,0,2025-04-08 22:40:00
1744152300000000,76452.0,76546.57,76375.03,76443.33,20.95156,1744152599999999,1601704.9220958,1515,11.63432,889431.6188897,0,2025-04-08 22:45:00
1744152600000000,76439.84,76614.17,76422.48,76591.98,30.66942,1744152899999999,2347418.9198822,1376,23.20647,1776341.6190363,0,2025-04-08 22:50:00
1744152900000000,76591.98,76746.1,76571.97,76655.32,39.0567,1744153199999999,2994073.0902507,1643,18.44144,1413222.3274111,0,2025-04-08 22:55:00
1744153200000000,76652.0,76724.52,76510.01,76557.14,27.38415,1744153499999999,2097722.2848529,1502,16.10711,1233944.1813126,0,2025-04-08 23:00:00
1744153500000000,76548.18,76636.0,76436.01,76506.25,17.12177,1744153799999999,1310250.7311752,1261,8.37454,640840.9880188,0,2025-04-08 23:05:00
1744153800000000,76508.0,76598.0,76420.89,76512.82,15.20676,1744154099999999,1163484.7405775,1000,10.46327,800586.5091722,0,2025-04-08 23:10:00
1744154100000000,76512.82,76612.71,76304.0,76450.01,35.44288,1744154399999999,2709300.0574475,2028,18.72114,1431029.4177115,0,2025-04-08 23:15:00
1744154400000000,76452.01,76496.0,76352.0,76496.0,20.49555,1744154699999999,1566126.8391979,1231,11.47708,877015.130574,0,2025-04-08 23:20:00
1744154700000000,76495.14,76518.35,76242.5,76281.98,21.73817,1744154999999999,1660141.8960484,1276,8.27182,631802.2584993,0,2025-04-08 23:25:00
1744155000000000,76281.99,76397.99,76276.01,76380.21,20.13381,1744155299999999,1537008.1699922,1077,13.1496,1003787.9176139,0,2025-04-08 23:30:00
1744155300000000,76380.0,76477.73,76368.01,76452.55,20.99392,1744155599999999,1604216.4177687,1000,14.0542,1073886.2286085,0,2025-04-08 23:35:00
1744155600000000,76451.18,76461.99,76279.91,76301.08,21.50652,1744155899999999,1642873.8742639,1469,9.06175,692126.2670205,0,2025-04-08 23:40:00
1744155900000000,76296.33,76436.79,76275.77,76396.9,22.44833,1744156199999999,1713962.8628809,1459,13.68544,1044966.7342629,0,2025-04-08 23:45:00
1744156200000000,76396.89,76429.39,76251.36,76315.73,14.83749,1744156499999999,1132543.3305633,1083,5.02311,383344.3869203,0,2025-04-08 23:50:00
1744156500000000,76315.73,76343.91,76232.07,76259.99,19.91822,1744156799999999,1519232.4666934,885,12.01972,916708.431643,0,2025-04-08 23:55:00
